{"skeleton":{"hash":"1jo+PUt0MJw","spine":"4.0.61","x":-2.74,"y":-2109,"width":1193.74,"height":1535.06,"images":"./Tavern originals/tavern-quality-25-30/","audio":""},"bones":[{"name":"root"},{"name":"root_Mushroom","parent":"root","x":783.55,"y":-1561.07},{"name":"Mushroom_body","parent":"root_Mushroom","length":96.74,"rotation":87.13,"x":8.47,"y":241.18,"color":"d8d6aaff"},{"name":"Mushroom_body2","parent":"Mushroom_body","length":96.74,"x":96.74,"color":"d8d6aaff"},{"name":"Mushroom_body3","parent":"Mushroom_body2","length":96.74,"x":96.74,"color":"d8d6aaff"},{"name":"Mushroom_body4","parent":"Mushroom_body3","length":96.74,"x":96.74,"color":"d8d6aaff"},{"name":"Mushroom_body5","parent":"Mushroom_body4","length":96.74,"x":96.74,"color":"d8d6aaff"},{"name":"Mushroom_Cap_F","parent":"Mushroom_body5","x":194,"y":130.78,"color":"ff0000ff"},{"name":"Mushroom_Cap_B","parent":"Mushroom_body","x":397.99,"y":-252.77,"color":"570000ff"},{"name":"Mushroom_Arm_front_L","parent":"Mushroom_body2","length":52.77,"rotation":-101.53,"x":110.73,"y":236.96},{"name":"Mushroom_Arm_front_L2","parent":"Mushroom_Arm_front_L","length":52.77,"x":52.77},{"name":"Mushroom_Arm_R","parent":"Mushroom_body3","length":72.95,"rotation":-158.35,"x":117.17,"y":-165.86},{"name":"Mushroom_Arm_R2","parent":"Mushroom_Arm_R","length":109.29,"rotation":-88.05,"x":72.95},{"name":"Mushroom_Book","parent":"Mushroom_body2","x":75.74,"y":57.39,"color":"2c8031ff"},{"name":"Mushroom_Book2","parent":"Mushroom_Book","x":97.72,"y":75.46,"color":"2c8031ff"},{"name":"Mushroom_Book3","parent":"Mushroom_Book","x":98.88,"y":-77.55,"color":"2c8031ff"},{"name":"Mushroom_Pupil","parent":"Mushroom_body3","x":110.4,"y":38.7,"color":"ff0000ff"},{"name":"root_Mushroom2","parent":"root_Mushroom","x":-506.58,"y":133.06,"color":"e4c5ffff"},{"name":"root_Mushroom4","parent":"root_Mushroom","x":-79.19,"y":387.81,"color":"ffc9c9ff"},{"name":"Mushroom__Shadow","parent":"Mushroom_Cap_F","x":23.92,"y":-189.87,"color":"ff00c6ff"},{"name":"root_Mushroom3","parent":"Mushroom_Arm_R2","rotation":159.27,"x":173.97,"y":-8.84},{"name":"root_Mushroom5","parent":"Mushroom_Arm_front_L2","rotation":14.4,"x":76.63,"y":-5.07}],"slots":[{"name":"Mushroom_Stool","bone":"root_Mushroom","attachment":"Mushroom_Stool"},{"name":"Mushroom_Cap_B","bone":"Mushroom_Cap_F","attachment":"Mushroom_Cap_B"},{"name":"Mushroom_Eye","bone":"root_Mushroom","attachment":"Mushroom_Eye"},{"name":"Mushroom_Pupil","bone":"Mushroom_Pupil","attachment":"Mushroom_Pupil"},{"name":"Mushroom_arm_back_L","bone":"root_Mushroom","attachment":"Mushroom_arm_back_L"},{"name":"Mushroom_body","bone":"Mushroom_body","attachment":"Mushroom_body"},{"name":"Mushroom_Cap_F","bone":"Mushroom_Cap_F","attachment":"Mushroom_Cap_F"},{"name":"Mushroom_Body_Shadow","bone":"Mushroom__Shadow","attachment":"Mushroom_Body_Shadow"},{"name":"Mushroom_table","bone":"root_Mushroom","attachment":"Mushroom_table"},{"name":"Mushroom_table_shadow","bone":"root_Mushroom","attachment":"Mushroom_table_shadow","blend":"multiply"},{"name":"Mushroom_Book","bone":"Mushroom_Book","attachment":"Mushroom_Book"},{"name":"Mushroom_Arm_front_L","bone":"Mushroom_Arm_front_L","attachment":"Mushroom_Arm_front_L"},{"name":"Mushroom_glove_L","bone":"root_Mushroom","attachment":"Mushroom_glove_L"},{"name":"Mushroom_Arm_R","bone":"Mushroom_Arm_R","attachment":"Mushroom_Arm_R"},{"name":"Mushroom_glove_R","bone":"root_Mushroom3","attachment":"Mushroom_glove_R"},{"name":"Mushroom_shadow_arms","bone":"root_Mushroom","attachment":"Mushroom_shadow_arms"},{"name":"Squaretable_Stool","bone":"root_Mushroom","attachment":"Squaretable_Stool"}],"skins":[{"name":"default","attachments":{"Mushroom_arm_back_L":{"Mushroom_arm_back_L":{"type":"mesh","uvs":[0.20502,0.00675,0.04543,0.28034,0,0.68503,0,0.99283,0.13472,1,0.26582,0.71353,0.25442,0.22905,0.30762,0],"triangles":[6,0,7,4,3,2,1,0,6,5,4,1,5,1,6,4,2,1],"vertices":[-146.51,546.16,-211.15,509.22,-229.55,454.59,-229.55,413.04,-174.99,412.07,-121.89,450.74,-126.51,516.15,-104.96,547.07],"hull":8,"edges":[0,2,2,4,4,6,6,8,8,10,10,12,12,14,0,14],"width":405,"height":135}},"Mushroom_Arm_front_L":{"Mushroom_Arm_front_L":{"type":"mesh","uvs":[0.04667,0.33367,0.24902,0.16791,0.44238,0.18803,0.44633,0.29364,0.64758,0.40429,0.69493,0.87201,0.46211,1,0,0.91727,0,0.56522,0.11141,0.3107,0.23483,0.27537,0.34931,0.28221,0.43875,0.34262,0.11051,0.42925,0.30012,0.41557,0.53445,0.47599,0.08279,0.64697,0.1919,0.77578,0.52014,0.77806,0.19906,0.57744,0.37972,0.61506],"triangles":[11,1,2,10,1,11,11,2,3,10,9,1,1,9,0,12,11,3,15,12,3,14,10,11,14,11,12,13,0,9,4,15,3,8,0,13,13,10,14,10,13,9,19,13,14,16,8,13,20,14,12,20,12,15,19,14,20,19,16,13,17,16,19,17,19,20,18,20,15,18,15,4,5,18,4,7,8,16,7,16,17,18,17,20,6,18,5,6,17,18,7,17,6],"vertices":[-13.83,27.17,18.08,61.55,55.36,67.94,60.13,52.48,102.35,45.85,129.09,-21.17,89.99,-51.43,-0.44,-61.58,-13.84,-9.41,-2.48,33.71,19.49,44.94,41.37,49.47,60.56,44.86,1.86,16.1,37.15,27.32,83.71,29.74,4.91,-17.51,30.42,-31.3,92.5,-15.72,24.22,-1.56,59.78,1.62],"hull":9,"edges":[0,2,2,4,4,6,6,8,8,10,10,12,12,14,14,16,0,16],"width":195,"height":153}},"Mushroom_Arm_R":{"Mushroom_Arm_R":{"type":"mesh","uvs":[0.41663,0.50357,0.37922,0.59068,0.32833,0.8209,0.40765,0.95778,0.50643,0.96401,0.86862,0.88104,0.99434,0.66327,1,0.28164,0.92549,0.01617,0.74739,0,0.6082,0.07631,0.57977,0.22357,0.59773,0.38949,0.85216,0.07009,0.88808,0.15098,0.93298,0.32105,0.94645,0.54712,0.91053,0.60312,0.81175,0.71512,0.701,0.77734,0.50344,0.79393,0.46153,0.60105,0.53786,0.5492,0.66957,0.51394,0.75488,0.44135,0.82522,0.30446,0.72644,0.25261,0.69501,0.09913,0.68603,0.43098,0.85814,0.4849],"triangles":[5,19,18,5,4,19,3,20,4,4,20,19,3,2,20,20,1,21,1,20,2,6,18,17,6,5,18,20,22,19,20,21,22,22,23,19,18,19,23,18,23,24,24,23,28,18,29,17,18,24,29,17,16,6,1,0,21,21,0,22,22,12,23,22,0,12,23,12,28,6,16,7,17,29,16,29,15,16,16,15,7,24,25,29,29,25,15,25,24,26,24,28,26,28,12,26,26,11,27,27,11,10,11,26,12,7,15,14,15,25,14,25,26,14,14,8,7,26,13,14,13,27,9,13,26,27,14,13,8,27,10,9,13,9,8],"vertices":[2,11,27.86,-117.72,0.00875,12,116.12,-49.06,0.99125,2,11,40.82,-132.92,5.0E-4,12,131.75,-36.63,0.9995,1,12,160.79,0.87,1,1,12,150.08,33.76,1,1,12,125.29,44.45,1,1,12,27.03,64.15,1,2,11,108.41,21.47,0.14838,12,-20.25,36.18,0.85162,1,11,37.73,47.13,1,2,5,53.96,-200.66,0.33192,11,-18.33,44.71,0.66808,3,5,54.71,-151.94,0.4074,11,-37,-0.3,0.59245,12,-3.44,-109.89,1.5E-4,3,5,37.79,-114.74,0.4074,11,-34.99,-41.11,0.56777,12,37.42,-109.28,0.02483,3,5,8.43,-108.44,0.37865,11,-10.03,-57.8,0.52476,12,54.95,-84.89,0.0966,3,5,-23.97,-114.97,0.11328,11,22.5,-63.68,0.35613,12,61.93,-52.59,0.5306,2,5,42.35,-181.19,0.38429,11,-14.72,22.34,0.61571,2,5,26.92,-191.79,0.19425,11,3.53,26.49,0.80575,1,11,39.19,27.31,1,2,11,82.54,16.46,0.53669,12,-16.12,10.15,0.46331,2,11,89.83,3.62,0.11059,12,-3.04,17,0.88941,1,12,29.99,28.09,1,1,12,62.6,28.85,1,1,12,114.2,12.82,1,2,11,49.99,-112.3,0.00478,12,111.45,-26.77,0.99522,2,11,47.02,-89.28,0.04177,12,88.35,-28.94,0.95823,2,11,52.02,-53.01,0.16311,12,52.26,-22.72,0.83689,2,11,45.98,-26.35,0.53843,12,25.42,-27.85,0.46157,1,11,26.63,0.51,1,3,5,4.72,-148.72,0.2003,11,8.28,-21.73,0.73165,12,19.52,-65.37,0.06805,3,5,34.49,-138.63,0.4074,11,-23.11,-20.12,0.58169,12,16.85,-96.69,0.01091,2,11,37.99,-43.49,0.42694,12,42.28,-36.41,0.57306,2,11,63.18,-2.42,0.90077,12,2.09,-9.85,0.09923],"hull":13,"edges":[0,2,2,4,4,6,6,8,8,10,10,12,12,14,14,16,16,18,18,20,20,22,22,24,0,24],"width":273,"height":197}},"Mushroom_body":{"Mushroom_body":{"type":"mesh","uvs":[0.43136,0,0.30718,0,0.22148,0,0.20404,0.03388,0.22584,0.12731,0.2084,0.22584,0.16263,0.30738,0.10814,0.39232,0.03622,0.51633,0,0.60636,0,0.69639,0,0.79322,0.04712,0.89854,0.12776,0.94101,0.25417,1,0.33917,1,0.52443,1,0.71405,0.98008,0.84482,0.94611,0.93636,0.90024,0.95066,0.85984,0.9806,0.77529,0.99999,0.72051,0.99999,0.63916,1,0.5469,0.99999,0.42583,0.9772,0.35811,0.94029,0.24841,0.89172,0.10404,0.87097,0.04238,0.7729,0,0.7093,0,0.60138,0,0.52879,0,0.29363,0.03009,0.29806,0.07848,0.30102,0.13379,0.3025,0.18565,0.30398,0.2398,0.29067,0.29165,0.24632,0.42877,0.20788,0.48293,0.17831,0.55207,0.14875,0.66729,0.14875,0.76178,0.18275,0.88074,0.25667,0.94873,0.42077,0.04023,0.41633,0.14163,0.41633,0.24994,0.41042,0.3548,0.40451,0.46311,0.36903,0.63385,0.36163,0.76751,0.37937,0.85854,0.40746,0.94381,0.64844,0.04636,0.6307,0.13048,0.6307,0.22611,0.644,0.38167,0.68688,0.48301,0.70018,0.58786,0.67062,0.75264,0.6514,0.87939,0.63218,0.9347,0.74749,0.06352,0.78002,0.16377,0.83176,0.28821,0.85541,0.38501,0.85689,0.49217,0.86133,0.59818,0.85394,0.74664,0.82732,0.85726,0.77115,0.91833],"triangles":[28,65,29,65,30,29,65,31,30,58,66,67,49,39,38,39,5,38,56,31,65,47,0,33,56,33,32,4,35,36,35,3,34,33,48,47,47,48,35,37,4,36,49,48,58,48,57,58,48,49,37,57,48,33,5,37,38,49,38,37,58,57,66,37,5,4,37,36,48,57,65,66,48,36,35,57,33,56,57,56,65,35,34,47,35,4,3,3,2,34,34,2,1,34,1,47,56,32,31,47,1,0,6,5,39,50,49,58,59,58,67,68,67,26,59,50,58,60,59,68,68,26,25,59,67,68,50,39,49,66,28,27,51,50,59,7,6,40,61,52,51,60,51,59,51,60,61,43,9,42,23,70,24,42,41,52,52,41,51,51,41,40,9,8,42,61,69,70,70,69,24,61,60,69,42,8,41,69,25,24,8,7,41,60,68,69,69,68,25,41,7,40,51,40,50,40,6,39,40,39,50,67,27,26,67,66,27,28,66,65,21,71,22,53,52,62,52,53,43,62,52,61,62,61,71,22,71,23,71,61,70,23,71,70,10,9,43,43,42,52,16,64,17,15,55,16,16,55,64,14,46,15,15,46,55,14,13,46,17,73,18,17,64,73,13,45,46,46,54,55,46,45,54,73,72,18,18,72,19,64,55,63,13,12,45,64,63,73,63,55,54,73,63,72,19,72,20,45,12,44,12,11,44,45,53,54,45,44,53,63,62,72,63,54,62,21,20,71,54,53,62,20,72,71,72,62,71,11,10,44,10,43,44,53,44,43],"vertices":[2,6,131.57,40.14,0.50619,7,-68.97,-92.79,0.49381,2,6,128.93,92.72,0.55998,7,-71.6,-40.2,0.44002,3,5,223.85,129.01,0.00222,6,127.11,129.01,0.62205,7,-73.42,-3.91,0.37573,4,4,301.81,135.47,1.0E-5,5,205.07,135.47,0.00291,6,108.33,135.47,0.63641,7,-92.2,2.55,0.36066,4,4,251.51,123.7,0.00147,5,154.77,123.7,0.01903,6,58.03,123.7,0.4967,7,-142.5,-9.22,0.48279,5,3,294.35,128.4,0.00313,4,197.61,128.4,0.07369,5,100.87,128.4,0.34062,6,4.13,128.4,0.52611,7,-196.4,-4.52,0.05645,5,2,345.82,145.56,0.00227,3,249.08,145.56,0.03072,4,152.34,145.56,0.27338,5,55.6,145.56,0.53089,6,-41.14,145.56,0.16275,5,2,298.51,166.32,0.02005,3,201.77,166.32,0.10177,4,105.03,166.32,0.44867,5,8.29,166.32,0.39265,6,-88.45,166.32,0.03686,5,2,229.61,193.4,0.10504,3,132.87,193.4,0.25273,4,36.13,193.4,0.47198,5,-60.61,193.4,0.1697,6,-157.35,193.4,5.6E-4,4,2,179.93,206.29,0.21452,3,83.19,206.29,0.33067,4,-13.55,206.29,0.39003,5,-110.29,206.29,0.06478,4,2,131.01,203.84,0.35645,3,34.27,203.84,0.33809,4,-62.47,203.84,0.26851,5,-159.21,203.84,0.03695,4,2,78.4,201.2,0.54016,3,-18.34,201.2,0.28927,4,-115.08,201.2,0.16005,5,-211.82,201.2,0.01051,4,2,22.18,178.38,0.71416,3,-74.56,178.38,0.20156,4,-171.3,178.38,0.0833,5,-268.04,178.38,9.8E-4,3,2,0.82,143.07,0.81453,3,-95.92,143.07,0.13688,4,-192.67,143.07,0.04859,3,2,-28.55,87.94,0.95507,3,-125.29,87.94,0.03471,4,-222.03,87.94,0.01023,3,2,-26.75,51.94,0.98991,3,-123.49,51.94,0.00772,4,-220.23,51.94,0.00237,2,2,-22.81,-26.51,0.99705,3,-119.55,-26.51,0.00295,3,2,-7.97,-106.27,0.85372,3,-104.71,-106.27,0.1303,4,-201.45,-106.27,0.01598,4,2,13.27,-160.72,0.69176,3,-83.47,-160.72,0.25299,4,-180.21,-160.72,0.05378,5,-276.95,-160.72,0.00147,4,2,40.13,-198.23,0.59068,3,-56.61,-198.23,0.31414,4,-153.35,-198.23,0.08886,5,-250.09,-198.23,0.00632,4,2,62.38,-203.19,0.542,3,-34.36,-203.19,0.33741,4,-131.1,-203.19,0.10971,5,-227.84,-203.19,0.01088,4,2,108.96,-213.56,0.39426,3,12.22,-213.56,0.38456,4,-84.52,-213.56,0.18732,5,-181.26,-213.56,0.03386,5,2,139.13,-220.28,0.30707,3,42.39,-220.28,0.39081,4,-54.35,-220.28,0.2446,5,-151.09,-220.28,0.05736,6,-247.83,-220.28,1.6E-4,5,2,183.33,-218.07,0.19553,3,86.59,-218.07,0.36003,4,-10.15,-218.07,0.32974,5,-106.89,-218.07,0.11041,6,-203.63,-218.07,0.00429,5,2,233.46,-215.56,0.09511,3,136.72,-215.56,0.27155,4,39.98,-215.56,0.39999,5,-56.76,-215.56,0.20755,6,-153.5,-215.56,0.0258,5,2,299.24,-212.26,0.02737,3,202.5,-212.26,0.14581,4,105.76,-212.26,0.37547,5,9.02,-212.26,0.34678,6,-87.72,-212.26,0.10457,6,2,335.55,-200.76,0.00948,3,238.81,-200.76,0.08045,4,142.07,-200.76,0.27497,5,45.33,-200.76,0.35528,6,-51.41,-200.76,0.16972,8,-62.44,52,0.11009,5,2,394.37,-182.15,1.5E-4,3,297.63,-182.15,0.00758,4,200.89,-182.15,0.70885,5,104.15,-182.15,0.10057,6,7.41,-182.15,0.18286,5,3,375.03,-157.65,1.4E-4,4,278.29,-157.65,0.70639,5,181.55,-157.65,0.01278,6,84.81,-157.65,0.046,7,-115.73,-290.57,0.23469,6,3,408.09,-147.18,0,4,311.35,-147.18,0.24608,5,214.61,-147.18,0.00198,6,117.87,-147.18,0.26173,7,-82.66,-280.1,0.40851,8,106.85,105.58,0.0817,5,4,332.3,-104.49,1.0E-4,5,235.56,-104.49,0.00143,6,138.82,-104.49,0.38282,7,-61.72,-237.42,0.51735,8,127.79,148.27,0.09829,5,4,330.95,-77.56,6.0E-5,5,234.21,-77.56,0.00175,6,137.47,-77.56,0.54563,7,-63.07,-210.48,0.41925,8,126.44,175.2,0.03331,3,5,231.92,-31.86,8.0E-5,6,135.18,-31.86,0.6725,7,-65.36,-164.78,0.32742,2,6,133.64,-1.12,0.69842,7,-66.9,-134.04,0.30158,4,4,305.78,97.64,0,5,209.04,97.64,5.6E-4,6,112.3,97.64,0.66115,7,-88.24,-35.28,0.33829,4,4,279.58,94.45,9.0E-5,5,182.84,94.45,0.00327,6,86.1,94.45,0.87354,7,-114.44,-38.48,0.12311,3,4,249.59,91.69,0.00175,6,56.11,91.69,0.78346,7,-144.43,-41.23,0.21479,5,3,318.19,89.65,8.0E-5,4,221.45,89.65,0.01636,5,124.71,89.65,0.06924,6,27.97,89.65,0.75543,7,-172.57,-43.27,0.15889,4,3,288.79,87.55,0.00253,4,192.05,87.55,0.10039,5,95.31,87.55,0.09411,6,-1.43,87.55,0.80297,5,2,357.08,91.77,6.0E-5,3,260.34,91.77,0.01597,4,163.6,91.77,0.31323,5,66.86,91.77,0.14657,6,-29.88,91.77,0.52416,5,2,281.64,106.82,0.01741,3,184.9,106.82,0.11803,4,88.16,106.82,0.73293,5,-8.58,106.82,0.09714,6,-105.32,106.82,0.03448,4,2,251.4,121.62,0.04799,3,154.66,121.62,0.21467,4,57.92,121.62,0.72936,6,-135.56,121.62,0.00798,4,2,213.21,132.26,0.10581,3,116.47,132.26,0.31837,4,19.73,132.26,0.57565,6,-173.75,132.26,1.7E-4,3,2,149.98,141.64,0.2846,3,53.24,141.64,0.40063,4,-43.5,141.64,0.31477,4,2,98.64,139.07,0.49894,3,1.9,139.07,0.32968,4,-94.84,139.07,0.15993,5,-191.58,139.07,0.01145,4,2,34.73,121.43,0.7894,3,-62.01,121.43,0.15721,4,-158.75,121.43,0.05308,5,-255.49,121.43,3.0E-4,3,2,-0.64,88.27,0.93379,3,-97.38,88.27,0.05131,4,-194.12,88.27,0.0149,2,6,109.48,43.53,0.51552,7,-91.05,-89.4,0.48448,1,6,54.3,42.64,1,3,4,188.93,39.69,0.01678,5,92.19,39.69,0.47745,6,-4.55,39.69,0.50577,4,3,228.57,39.34,0.00435,4,131.83,39.34,0.3603,5,35.09,39.34,0.56258,6,-61.65,39.34,0.07278,5,2,266.34,38.9,6.7E-4,3,169.6,38.9,0.01674,4,72.86,38.9,0.80619,5,-23.88,38.9,0.17633,6,-120.62,38.9,7.0E-5,4,2,172.82,49.27,0.04301,3,76.08,49.27,0.64615,4,-20.66,49.27,0.30101,5,-117.4,49.27,0.00983,4,2,100.05,48.76,0.49631,3,3.31,48.76,0.4687,4,-93.43,48.76,0.03461,5,-190.17,48.76,3.8E-4,3,2,50.96,38.77,0.94739,3,-45.78,38.77,0.04621,4,-142.52,38.77,0.00639,3,2,5.23,24.55,0.99919,3,-91.51,24.55,4.7E-4,4,-188.25,24.55,3.3E-4,4,4,304.47,-53.05,3.0E-5,5,207.73,-53.05,8.6E-4,6,110.99,-53.05,0.69766,7,-89.55,-185.97,0.30146,1,6,64.91,-47.83,1,4,3,303.17,-50.44,0.00102,4,206.43,-50.44,0.02354,5,109.69,-50.44,0.1737,6,12.95,-50.44,0.80173,5,2,315.67,-60.31,4.7E-4,3,218.93,-60.31,0.01813,4,122.19,-60.31,0.26841,5,25.45,-60.31,0.66905,6,-71.29,-60.31,0.04394,5,2,261.53,-81.22,0.01223,3,164.79,-81.22,0.11348,4,68.05,-81.22,0.61153,5,-28.69,-81.22,0.24916,6,-125.43,-81.22,0.01359,5,2,204.84,-89.71,0.06143,3,108.1,-89.71,0.368,4,11.36,-89.71,0.49447,5,-85.38,-89.71,0.07482,6,-182.12,-89.71,0.00127,4,2,114.68,-81.68,0.37663,3,17.94,-81.68,0.53403,4,-78.8,-81.68,0.08349,5,-175.54,-81.68,0.00585,4,2,45.41,-76.99,0.82527,3,-51.33,-76.99,0.15919,4,-148.07,-76.99,0.01543,5,-244.81,-76.99,1.0E-4,3,2,14.95,-70.36,0.91751,3,-81.79,-70.36,0.07641,4,-178.53,-70.36,0.00608,5,3,393.98,-95.47,0,4,297.24,-95.47,4.2E-4,5,200.5,-95.47,0.00408,6,103.76,-95.47,0.28662,7,-96.77,-228.39,0.70888,5,3,340.21,-111.97,0.02188,4,243.47,-111.97,0.30659,5,146.73,-111.97,0.23639,6,49.99,-111.97,0.30911,8,38.96,140.8,0.12603,5,2,370.43,-137.27,0.00128,3,273.69,-137.27,0.04827,4,176.95,-137.27,0.28062,5,80.21,-137.27,0.09946,6,-16.53,-137.27,0.57038,5,2,318.35,-149.92,0.01012,3,221.61,-149.92,0.08708,4,124.87,-149.92,0.32844,5,28.13,-149.92,0.41865,6,-68.61,-149.92,0.15571,5,2,260.16,-153.47,0.04484,3,163.42,-153.47,0.1971,4,66.68,-153.47,0.43928,5,-30.06,-153.47,0.27436,6,-126.8,-153.47,0.04442,5,2,202.65,-158.23,0.13074,3,105.91,-158.23,0.34105,4,9.17,-158.23,0.38804,5,-87.57,-158.23,0.13269,6,-184.31,-158.23,0.00748,4,2,121.84,-159.15,0.3713,3,25.1,-159.15,0.41013,4,-71.64,-159.15,0.18691,5,-168.38,-159.15,0.03166,4,2,61.17,-150.89,0.60322,3,-35.57,-150.89,0.31068,4,-132.31,-150.89,0.08036,5,-229.05,-150.89,0.00574,4,2,26.8,-128.76,0.74349,3,-69.94,-128.76,0.21726,4,-166.68,-128.76,0.03859,5,-263.42,-128.76,6.5E-4],"hull":34,"edges":[4,6,6,8,8,10,10,12,12,14,14,16,16,18,18,20,20,22,22,24,24,26,26,28,28,30,30,32,32,34,34,36,36,38,48,50,58,60,38,40,40,42,42,44,44,46,46,48,50,52,52,54,54,56,56,58,64,66,60,62,62,64,4,2,2,0,0,66],"width":424,"height":544}},"Mushroom_Body_Shadow":{"Mushroom_Body_Shadow":{"type":"mesh","uvs":[0.04551,0.08037,0.19244,0.0578,0.1985,0.00942,0.33786,0,0.47419,0,0.5681,0,0.66808,0,0.7938,0.04167,0.87106,0.09972,0.95588,0.24647,1,0.38354,1,0.56737,0.9574,0.60123,0.82107,0.62381,0.77714,0.65606,0.78623,0.77378,0.80744,0.87376,0.80441,0.96084,0.80138,1,0.52569,1,0.20911,0.99147,0.13943,0.83344,0.22274,0.67702,0.26667,0.57221,0.12428,0.50609,0.03491,0.4432,0,0.35128,0,0.18841,0.25303,0.50287,0.15609,0.45126,0.11368,0.35451,0.15155,0.27388,0.2394,0.22712,0.40905,0.21261,0.56508,0.25937,0.68171,0.29646,0.82258,0.3529,0.91196,0.44965,0.93165,0.51577,0.86803,0.58027,0.08641,0.1739,0.23486,0.09166,0.36664,0.06425,0.48176,0.09489,0.61658,0.17551,0.75594,0.23034,0.86045,0.26098,0.93922,0.33032,0.31211,0.35451,0.32423,0.44643,0.31514,0.53673,0.35301,0.38515,0.36361,0.49642,0.33483,0.63348,0.31514,0.75281,0.28333,0.86247,0.45601,0.38354,0.44238,0.51738,0.42269,0.66574,0.41814,0.8286,0.4242,0.92213,0.53327,0.3916,0.66202,0.39644,0.75291,0.45771,0.7938,0.57543,0.56469,0.04454,0.63236,0.07147,0.70513,0.08083,0.7761,0.10669,0.66787,0.0781,0.5957,0.05897,0.74585,0.09129,0.82517,0.10646,0.22078,0.06198,0.26091,0.07203,0.2862,0.06877,0.3184,0.06939,0.38853,0.04845,0.74228,0.62453,0.7269,0.64785,0.71359,0.67673,0.71365,0.723,0.71883,0.74503,0.72814,0.77038,0.70343,0.79462,0.6694,0.77839,0.63954,0.79497,0.62204,0.8049,0.55704,0.76041,0.60854,0.73803,0.64253,0.71797,0.65995,0.67272,0.66514,0.63764,0.70511,0.61238],"triangles":[42,3,77,67,69,6,7,67,6,71,67,7,43,4,65,77,4,43,68,71,7,72,68,7,43,42,77,33,42,43,45,71,68,33,76,42,24,29,28,84,17,87,19,88,87,83,84,82,85,90,81,14,81,80,79,14,80,78,93,64,93,62,63,79,93,78,79,92,93,80,92,79,92,61,62,91,92,80,61,92,57,91,81,90,92,91,89,89,90,85,90,89,91,88,89,87,79,78,14,14,15,81,16,83,15,88,58,89,92,89,58,92,62,93,14,78,64,81,91,80,81,15,82,15,83,82,85,81,82,17,84,83,84,85,82,86,85,84,86,89,85,87,86,84,87,89,86,17,19,87,16,17,83,18,19,17,57,52,56,50,28,49,50,49,52,23,28,50,23,24,28,53,50,52,53,52,57,23,50,53,58,53,57,92,58,57,22,23,53,54,22,53,54,53,58,59,54,58,59,58,88,21,22,54,55,21,54,55,54,59,60,59,88,55,59,60,20,21,55,19,60,88,20,55,60,19,20,60,65,4,5,70,5,6,65,5,70,66,70,6,69,66,6,70,43,65,34,43,44,33,43,34,45,44,67,45,35,44,71,45,67,34,44,35,35,45,36,56,33,34,61,56,34,62,61,34,35,62,34,49,28,48,57,56,61,72,7,8,46,72,8,46,8,9,45,68,72,46,45,72,47,46,9,47,9,10,62,35,36,37,36,47,37,47,10,13,39,12,77,3,4,2,74,73,1,2,73,3,75,2,3,76,75,42,76,3,75,74,2,41,73,74,40,0,1,44,70,66,44,66,69,27,0,40,75,32,41,75,41,74,76,32,75,43,70,44,44,69,67,40,32,31,1,41,40,41,1,73,32,40,41,26,27,40,26,40,31,36,45,46,36,46,47,30,26,31,33,48,32,32,76,33,51,33,56,51,48,33,25,26,30,49,48,51,31,48,30,48,31,32,28,29,48,29,30,48,25,30,29,63,62,36,63,36,37,52,51,56,49,51,52,24,25,29,38,37,10,38,10,11,64,63,37,39,64,37,38,39,37,12,38,11,39,38,12,93,63,64,13,64,39,13,14,64],"vertices":[2,7,64.66,166.86,0.75143,19,40.74,356.73,0.24857,3,7,83.01,73.19,0.73519,8,272.51,458.87,0.06183,19,60.11,262.98,0.20298,2,7,112.38,70.76,0.85831,8,301.89,456.45,0.14169,4,7,122.55,-18.45,0.63378,8,312.06,367.24,0.01474,6,323.09,114.47,0.07717,19,99.76,171.54,0.27431,4,7,126.94,-106,0.36303,8,316.45,279.69,0.05955,6,327.47,26.92,0.25323,19,107.12,84.29,0.32419,4,7,129.96,-166.31,0.17948,8,319.47,219.37,0.15476,6,330.5,-33.39,0.47982,19,112.96,24.14,0.18594,4,7,133.18,-230.52,0.13517,8,322.69,155.17,0.15437,6,333.72,-97.59,0.34079,19,116.21,-40.22,0.36968,4,7,112.09,-312.52,0.02875,8,301.6,73.17,0.2466,6,312.63,-179.59,0.15413,19,96.47,-122.85,0.57052,4,7,79.56,-363.88,0.01081,8,269.07,21.8,0.6472,6,280.09,-230.96,0.09602,19,64.22,-174.64,0.24598,2,8,183.27,-37.11,0.94252,19,-21.96,-233,0.05748,3,7,-87.5,-455.27,0.35519,8,102.01,-69.58,0.61999,19,-106.42,-264.93,0.02482,3,7,-198.4,-460.83,0.53669,8,-8.89,-75.14,0.45423,19,-218.73,-270.12,0.00908,3,7,-220.19,-434.5,0.47167,8,-30.69,-48.81,0.48282,19,-240.02,-243.58,0.0455,6,7,-238.2,-347.63,0.19356,8,-48.69,38.06,0.58518,6,-37.67,-214.71,0.00864,5,59.07,-214.71,3.9E-4,11,-17.9,59.66,0.16246,19,-255.34,-156.13,0.04977,5,7,-259.07,-320.39,0.2037,8,-69.56,65.29,0.16685,6,-58.54,-187.47,0.01146,5,38.2,-187.47,0.0017,11,-8.55,26.64,0.61629,1,11,60.65,9.29,1,1,12,-1.08,49.33,1,1,12,19.35,97.83,1,1,12,29.55,119.27,1,2,4,-80.63,-36.39,0.58753,12,195.34,56.53,0.41247,2,5,-182.42,167.18,0.05513,4,-85.68,167.18,0.94487,4,7,-386.6,83.78,8.8E-4,6,-186.07,216.7,1.0E-5,5,-89.33,216.7,0.14562,4,7.41,216.7,0.85349,2,6,-89.03,167.93,0.06744,4,104.45,167.93,0.93256,2,7,-224.92,9.97,0.22,4,169.1,142.89,0.78,4,7,-189.62,103.41,0.40054,6,10.92,236.33,0.51564,4,204.4,236.33,0.00669,19,-208.85,294.09,0.07714,2,7,-154.56,162.7,0.64592,6,45.98,295.62,0.35408,3,7,-100.23,187.9,0.61652,6,100.3,320.82,0.21206,19,-122.04,378.14,0.17143,3,7,-1.98,192.82,0.91741,6,198.55,325.74,0.07402,5,295.29,325.74,0.00857,3,5,113.75,153.74,0.2034,4,210.49,153.74,0.41945,19,-198.4,211.83,0.37714,4,7,-155.52,84.63,0.39276,5,141.75,217.56,0.24145,4,238.49,217.56,0.00293,19,-176.03,275.01,0.36286,4,7,-98.52,114.8,0.51151,6,102.01,247.72,0.13917,5,198.75,247.72,0.12932,19,-119.48,305.12,0.22,4,7,-48.66,92.92,0.48631,6,151.87,225.84,0.08368,5,248.61,225.84,0.07963,19,-70.42,283.1,0.35038,4,7,-17.62,37.91,0.61969,6,182.91,170.83,0.11368,5,279.65,170.83,0.07223,19,-39.59,228.07,0.1944,5,7,-3.41,-70.6,0.32193,8,186.1,315.09,0.01871,6,197.13,62.32,0.35203,5,293.87,62.32,6.0E-5,19,-22.81,120,0.30728,5,7,-26.6,-172.21,0.09812,8,162.91,213.48,0.1004,6,173.94,-39.29,0.60226,11,-279.29,-25.33,0.00482,19,-42.95,18.76,0.1944,5,8,144.29,137.45,0.25643,6,155.32,-115.31,0.52499,5,252.06,-115.31,1.1E-4,11,-233.94,38.46,0.02407,19,-60.35,-57.32,0.1944,6,7,-79.69,-342.1,0.46512,8,109.82,43.59,0.23785,6,120.84,-209.18,0.09504,5,217.58,-209.18,9.0E-5,11,-167.27,112.99,0.0075,19,-99.91,-151.88,0.1944,3,7,-130.22,-400.73,0.24145,8,59.29,-15.04,0.43844,19,-148.71,-210.11,0.32011,3,7,-169.47,-415.37,0.57996,8,20.04,-29.69,0.07421,19,-192.45,-225.33,0.34583,3,7,-210.43,-376.47,0.43197,8,-20.92,9.22,0.21058,19,-231.5,-185.96,0.35744,3,7,9.55,137.77,0.79569,6,210.09,270.69,0.02036,5,306.83,270.69,0.18395,4,7,63.94,44.92,0.46998,8,253.45,430.61,0.03882,6,264.48,177.85,0.08238,19,42.02,234.94,0.40882,4,7,84.72,-38.88,0.29179,8,274.23,346.81,0.02216,6,285.26,94.04,0.12689,19,63.79,151.36,0.55916,4,7,69.94,-113.74,0.17972,8,259.45,271.95,0.05891,6,270.48,19.19,0.28819,19,51.81,76.83,0.47319,5,7,25.65,-202.75,0.5317,8,215.15,182.94,0.0681,6,226.18,-69.83,0.20494,11,-316.58,22.33,8.6E-4,19,4.72,-12.55,0.1944,5,7,-4.6,-275.23,0.05396,8,184.91,110.46,0.32878,6,195.94,-142.31,0.41537,11,-261.73,78.54,0.00749,19,-20.32,-84.66,0.1944,5,7,-30.18,-364.72,0.47103,8,159.32,20.97,0.29999,6,170.35,-231.8,0.03421,11,-204.94,152.28,3.7E-4,19,-50.47,-174.78,0.1944,3,7,-57.35,-414.63,0.3011,8,132.15,-28.94,0.5045,19,-76.09,-224.49,0.1944,3,7,-92.13,-12.64,0.52692,6,108.4,120.29,0.34783,5,205.14,120.29,0.12525,3,7,-147.19,-23.2,0.27995,6,53.34,109.73,0.69903,4,246.82,109.73,0.02102,1,4,192.06,112.83,1,4,7,-109.3,-39.83,0.6595,6,91.24,93.1,0.0269,5,187.98,93.1,0.31329,4,284.72,93.1,3.1E-4,2,4,217.94,82.92,0.91433,19,-191.21,140.84,0.08567,1,4,134.32,97.26,1,3,6,-131.78,106.3,0.00821,5,-35.04,106.3,0.27747,4,61.7,106.3,0.71433,2,5,-102.21,123.41,0.09681,4,-5.47,123.41,0.90319,4,7,-105.01,-105.93,0.43971,6,95.52,27,0.44562,5,192.26,27,0.04769,19,-124.55,84.7,0.06698,2,4,207.83,31.7,0.6112,19,-201.64,89.69,0.3888,2,4,117.7,39.86,0.6112,19,-291.72,98.41,0.3888,3,5,-77.44,37.86,0.0183,4,19.3,37.86,0.79949,19,-390.13,97.01,0.18221,4,5,-133.67,31.14,0.00163,4,-36.93,31.14,0.89594,12,239.73,-10.55,0.01704,19,-446.39,90.64,0.08539,4,8,82.12,229.91,0.31903,6,93.15,-22.86,0.42844,11,-210.26,-70.4,0.1312,19,-122.11,35.21,0.12133,6,7,-106.16,-238.61,0.00821,8,83.35,147.07,0.47056,6,94.37,-105.69,0.31545,5,191.11,-105.69,0.0258,11,-180.84,7.04,0.16589,19,-121.15,-47.72,0.01408,6,7,-140.2,-298.83,0.61848,8,49.31,86.86,0.22322,6,60.33,-165.91,0.0149,5,157.07,-165.91,0.00961,11,-126.99,50.45,0.07458,19,-161.1,-108.57,0.05922,2,7,-209.9,-328.66,0.91855,19,-233.81,-138.79,0.08145,5,7,107.94,-164.22,0.23401,8,290.92,219.33,0.14003,6,301.94,-33.44,0.41708,11,-400.43,16.45,1.5E-4,19,84.03,25.65,0.20874,5,7,89.22,-210.42,0.25765,8,272.19,173.13,0.12949,6,283.22,-79.64,0.32605,11,-365.98,52.49,2.5E-4,19,65.3,-20.56,0.28656,5,7,82.32,-257.14,0.15608,8,265.29,126.41,0.20601,6,276.32,-126.36,0.31235,11,-342.33,93.37,0.00207,19,58.4,-67.27,0.32349,5,7,71.6,-303.43,0.06935,8,254.57,80.12,0.25709,6,265.6,-172.65,0.26428,11,-315.29,132.44,0.0025,19,47.68,-113.56,0.40679,5,7,81.96,-234.73,0.21297,8,264.93,148.82,0.16596,6,275.96,-103.95,0.31696,11,-350.26,72.4,0.00116,19,58.04,-44.87,0.30295,5,7,93.72,-180.86,0.25013,8,276.69,202.69,0.13399,6,287.72,-50.08,0.37267,11,-381.07,26.67,2.1E-4,19,69.8,9.01,0.243,5,7,81.34,-280.09,0.10515,8,264.32,103.46,0.23389,6,275.34,-149.3,0.27875,11,-332.96,114.34,0.00215,19,57.43,-90.22,0.38005,5,7,71.44,-334.17,0.04864,8,254.41,49.38,0.45231,6,265.44,-203.38,0.17563,11,-303.8,160.94,0.00121,19,47.52,-144.3,0.32222,4,7,82.73,55.17,0.6138,8,265.7,438.72,0.07526,6,276.73,185.95,0.05096,19,58.81,245.04,0.25998,4,7,78.13,29.1,0.49606,8,261.1,412.65,0.03329,6,272.13,159.88,0.08309,19,54.21,218.96,0.38757,4,7,81.15,13,0.45324,8,264.12,396.55,0.03041,6,275.15,143.79,0.09277,19,57.23,202.87,0.42359,5,7,83.31,-7.56,0.39047,8,266.28,375.99,0.02712,6,277.31,123.22,0.10976,5,374.05,123.22,0,19,59.39,182.3,0.47265,4,7,94.27,-65.96,0.31833,8,277.24,317.59,0.02986,6,288.27,64.82,0.15207,19,70.35,123.91,0.49974,1,11,-32.65,11.53,1,1,11,-22.68,-2.36,1,1,11,-9.14,-16.06,1,1,11,17.22,-25.02,1,1,11,30.84,-26.15,1,1,11,47.19,-25.41,1,1,11,55.87,-45.17,1,1,11,39.42,-62.67,1,1,11,42.64,-84.07,1,1,11,44.67,-96.66,1,1,11,5.5,-127.44,1,1,11,3.61,-91.8,1,1,11,-0.64,-67.26,1,1,11,-22.74,-47.84,1,1,11,-41.75,-37.88,1,1,11,-47.24,-8.71,1],"hull":28,"edges":[0,2,2,4,4,6,6,8,8,10,10,12,12,14,14,16,16,18,18,20,20,22,22,24,24,26,26,28,28,30,30,32,32,34,34,36,36,38,38,40,40,42,42,44,44,46,46,48,48,50,50,52,52,54,0,54],"width":643,"height":604}},"Mushroom_Book":{"Mushroom_Book":{"type":"mesh","uvs":[0,0.06044,0.14029,0.8478,0.40743,0.92516,0.42246,0.97068,0.47077,0.99793,0.5193,1,0.5699,0.98898,0.62449,0.94337,1,0.82504,0.97178,0.0741,0.93171,0.06955,0.91501,0.03541,0.78478,0.04679,0.54936,0.02403,0.48758,0.08092,0.41077,0.02403,0.23713,0.04451,0.04011,0.03314,0.39565,0.14895,0.39565,0.18182,0.36057,0.21469,0.36825,0.26399,0.43292,0.27893,0.51624,0.27146,0.53597,0.23112,0.55899,0.20274],"triangles":[18,16,15,0,17,16,18,0,16,21,1,0,2,1,21,21,0,20,20,0,18,21,3,2,21,20,19,18,15,14,19,18,14,14,13,25,24,19,14,25,24,14,24,22,19,22,21,19,24,23,22,25,23,24,23,25,7,3,22,4,21,22,3,4,22,23,7,6,23,6,4,23,5,4,6,20,18,19,25,13,12,10,25,12,10,12,11,25,10,9,25,9,8,8,7,25],"vertices":[1,14,-4.46,6.65,1,1,14,-100.78,-21.92,1,2,13,-10.38,7.97,0.45313,14,-108.1,-67.49,0.54687,1,13,-15.89,5.15,1,1,13,-18.86,-3.17,1,1,13,-18.7,-11.37,1,2,15,-115.79,57.7,0.42215,13,-16.91,-19.85,0.57785,2,15,-109.68,48.77,0.519,13,-10.8,-28.78,0.481,1,15,-91.84,-13.88,1,1,15,0.92,-4.45,1,1,15,1.14,2.34,1,1,15,5.23,5.37,1,1,15,2.72,27.28,1,2,15,3.54,67.16,0.45413,13,102.42,-10.39,0.54587,1,13,94.85,-0.31,1,2,13,101.25,13,0.455,14,3.53,-62.46,0.545,1,14,-0.48,-33.28,1,1,14,-0.74,0.05,1,2,13,85.65,14.78,0.8826,14,-12.07,-60.68,0.1174,2,13,81.58,14.58,0.88683,14,-16.14,-60.89,0.11317,1,13,77.21,20.29,1,1,13,71.17,18.69,1,1,13,69.87,7.68,1,2,15,-27.38,71.21,0.39631,13,71.5,-6.33,0.60369,2,15,-22.22,68.13,0.44139,13,76.66,-9.41,0.55861,2,15,-18.51,64.42,0.48576,13,80.37,-13.12,0.51424],"hull":18,"edges":[0,2,2,4,4,6,6,8,8,10,10,12,12,14,14,16,16,18,18,20,20,22,22,24,24,26,26,28,28,30,30,32,32,34,0,34,0,36,36,38,38,40,40,42,42,44,44,46,46,48,48,50,50,18,42,6,46,12,44,8,14,50],"width":169,"height":124}},"Mushroom_Cap_B":{"Mushroom_Cap_B":{"type":"mesh","uvs":[0,0.41251,0.02123,0.50499,0.06981,0.62298,0.17668,0.792,0.276,0.8781,0.40555,0.95463,0.53078,1,0.72186,1,0.84493,1,0.96837,0.94507,1,0.8207,1,0.62298,0.86905,0.43484,0.68552,0.12232,0.5549,0,0.36381,0,0.19648,0.06811,0.1004,0.2435,0.00972,0.25626,0,0.29133,0.11587,0.35192,0.16229,0.47948,0.23139,0.5879,0.26377,0.60385,0.3415,0.61979,0.46997,0.64849,0.63406,0.7059,0.75174,0.76967,0.86077,0.73779,0.90072,0.60704,0.16661,0.29133,0.29616,0.27539,0.46241,0.27539,0.58872,0.31684,0.75066,0.45078],"triangles":[7,27,8,8,28,9,6,26,7,5,25,6,6,25,26,4,24,5,5,24,25,9,29,10,29,11,10,11,29,12,28,29,9,7,26,27,3,22,4,22,23,4,2,21,3,2,20,21,2,1,20,31,15,32,25,32,33,33,14,13,34,13,12,26,34,27,26,33,34,25,33,26,24,32,25,24,31,32,23,22,31,22,30,31,21,30,22,21,20,30,20,17,30,30,17,16,30,16,31,23,31,24,33,13,34,32,14,33,32,15,14,31,16,15,28,34,12,27,34,28,28,12,29,1,0,20,20,18,17,18,20,0,0,19,18,3,21,22,4,23,24,8,27,28],"vertices":[2,7,-146.96,174.54,0.83429,8,42.54,560.23,0.16571,2,7,-166.33,159.95,0.96286,8,23.18,545.63,0.03714,2,7,-190.34,127.56,0.99429,8,-0.83,513.25,0.00571,2,7,-223.54,57.31,0.78104,8,-34.03,442.99,0.21896,2,7,-239.01,-7.21,0.37429,8,-49.51,378.47,0.62571,1,8,-61.94,294.71,1,1,8,-67.75,214.04,1,2,7,-251.12,-293.98,0.32963,8,-61.62,91.71,0.67037,2,7,-247.17,-372.77,0.17208,8,-57.67,12.92,0.82792,2,7,-231.31,-451.19,0.0891,8,-41.8,-65.5,0.9109,2,7,-203.34,-470.09,0.1,8,-13.83,-84.4,0.9,2,7,-160.49,-467.94,0.08277,8,29.02,-82.25,0.91723,2,7,-123.91,-382.06,0.79632,8,65.59,3.62,0.20368,2,7,-62.07,-261.18,0.8,8,127.43,124.51,0.2,2,7,-39.75,-176.22,0.8,8,149.75,209.47,0.2,2,7,-45.89,-53.89,0.8,8,143.62,331.8,0.2,1,7,-66.02,52.5,1,1,7,-107.11,112.1,1,2,7,-112.79,170.02,0.8,8,76.72,555.71,0.2,2,7,-120.7,175.86,0.8,8,68.81,561.55,0.2,1,7,-130.11,101.02,1,1,7,-156.27,69.91,1,2,7,-177.55,24.5,0.92,8,11.96,410.19,0.08,2,7,-179.97,3.6,0.76864,8,9.54,389.28,0.23136,2,7,-180.93,-46.34,0.62932,8,8.58,339.35,0.37068,2,7,-183.03,-128.9,0.76453,8,6.48,256.79,0.23547,2,7,-190.2,-234.57,0.60253,8,-0.69,151.12,0.39747,2,7,-200.25,-310.6,0.74219,8,-10.74,75.09,0.25781,2,7,-189.84,-380.06,0.74078,8,-0.33,5.63,0.25922,2,7,-160.22,-404.21,0.4538,8,29.29,-18.52,0.5462,1,7,-115.35,69.19,1,1,7,-107.74,-13.57,1,2,7,-102.41,-120,0.66515,8,87.1,265.68,0.33485,2,7,-107.34,-201.32,0.57909,8,82.17,184.37,0.42091,2,7,-131.17,-306.44,0.8,8,58.34,79.25,0.2],"hull":20,"edges":[0,2,2,4,4,6,6,8,8,10,10,12,12,14,14,16,16,18,18,20,20,22,22,24,24,26,26,28,28,30,30,32,32,34,34,36,36,38,0,38],"width":641,"height":217}},"Mushroom_Cap_F":{"Mushroom_Cap_F":{"type":"mesh","uvs":[0.00904,0.70113,0,0.6163,0,0.47657,0.02488,0.41169,0.05161,0.252,0.18625,0.14387,0.21991,0.06236,0.41196,0,0.55749,0,0.60006,0.02909,0.78816,0.12557,0.8238,0.23204,0.86142,0.31022,0.93369,0.36345,0.93765,0.49154,0.9527,0.56841,1,0.63994,1,0.783,0.98735,0.81627,0.98718,0.89623,0.90795,1,0.83476,1,0.7938,0.95873,0.74726,0.8374,0.72337,0.77887,0.68407,0.72288,0.63575,0.66796,0.57912,0.64081,0.52108,0.60928,0.4686,0.60667,0.39704,0.60121,0.36045,0.5971,0.31836,0.60804,0.29049,0.65092,0.26438,0.68148,0.18965,0.76895,0.15774,0.80629,0.0736,0.80795,0.1532,0.74973,0.1047,0.65325,0.10371,0.52184,0.15716,0.45031,0.22448,0.38377,0.30467,0.36713,0.37595,0.37545,0.47891,0.38543,0.57791,0.43534,0.6897,0.52184,0.75801,0.58505,0.82335,0.63162,0.88868,0.72145,0.91442,0.79298,0.90749,0.87948,0.87513,0.91991,0.80544,0.90859,0.10148,0.71766,0.07178,0.6295,0.06287,0.54799,0.08267,0.45151,0.1391,0.34505,0.22127,0.27684,0.33017,0.22361,0.48955,0.23193,0.60538,0.26686,0.70438,0.33008,0.78358,0.40992,0.88,0.52144,0.94732,0.65119,0.9592,0.77428,0.2631,0.54716,0.30874,0.53836,0.35138,0.53207,0.39626,0.53585,0.45386,0.54213,0.50099,0.54716,0.54662,0.56476,0.59378,0.5788,0.6372,0.60789,0.68964,0.64733,0.71773,0.68883,0.74117,0.72682,0.76015,0.77507,0.77972,0.81729,0.17452,0.71559,0.24634,0.66028,0.27252,0.60498,0.20893,0.69422,0.09523,0.76084,0.12665,0.75456,0.80474,0.84402,0.8356,0.8615,0.8953,0.93812,0.9254,0.9116],"triangles":[21,91,20,21,53,91,22,54,21,53,21,54,20,92,19,20,91,92,22,23,54,82,54,23,91,52,92,18,92,52,19,92,18,68,52,51,68,18,52,23,81,82,23,24,81,18,68,17,68,16,17,50,67,68,68,67,16,67,66,15,67,15,16,15,66,14,66,13,14,66,12,13,53,54,90,54,82,89,91,53,52,53,90,52,54,89,90,52,90,51,51,90,50,90,89,50,89,82,50,50,82,49,36,88,38,36,37,88,37,87,88,37,0,87,36,38,35,51,50,68,25,79,24,24,80,81,24,79,80,82,81,49,81,80,49,34,86,84,34,35,86,38,83,35,35,83,86,87,55,88,87,0,55,88,55,38,83,38,39,80,48,49,80,79,48,25,78,79,25,26,78,67,50,66,0,56,55,38,55,39,55,56,39,83,39,86,0,1,56,41,84,86,79,78,48,33,34,85,26,77,78,26,27,77,34,84,85,85,84,69,56,40,39,69,84,41,40,41,86,40,86,39,50,49,66,33,85,32,78,47,48,78,77,47,28,75,27,27,76,77,27,75,76,49,48,66,1,57,56,56,57,40,1,2,57,29,74,28,28,74,75,85,70,32,32,71,31,32,70,71,77,76,47,30,73,29,29,73,74,85,69,70,31,72,30,30,72,73,31,71,72,48,65,66,48,47,65,47,76,46,76,75,46,75,74,46,57,2,58,57,58,40,58,2,3,46,74,45,41,42,69,70,69,43,74,73,45,73,72,45,69,42,43,70,43,71,71,44,72,72,44,45,71,43,44,40,58,41,47,64,65,47,46,64,65,12,66,41,58,59,59,58,4,41,59,42,46,45,63,46,63,64,63,62,9,62,63,45,58,3,4,65,11,12,65,64,11,62,8,9,45,44,62,59,60,42,42,60,43,43,61,44,44,61,62,43,60,61,60,59,5,64,10,11,64,63,10,59,4,5,61,60,6,63,9,10,61,7,62,62,7,8,60,5,6,61,6,7],"vertices":[1,7,-143.36,199.43,1,1,7,-108.43,207.51,1,1,7,-50.37,210.42,1,1,7,-22.55,194.4,1,1,7,44.73,179.07,1,1,7,94.37,87.33,1,2,7,129.41,65.53,0.82279,8,318.92,451.21,0.17721,2,7,162.04,-67.26,0.89614,8,351.55,318.43,0.10386,2,7,167.14,-168.85,0.9,8,356.64,216.84,0.1,2,7,156.54,-199.18,0.9,8,346.05,186.51,0.1,2,7,123.03,-332.5,0.98998,8,312.54,53.19,0.01002,2,7,80.05,-359.6,0.83365,8,269.56,26.09,0.16635,2,7,48.88,-387.49,0.2,8,238.39,-1.8,0.8,2,7,29.3,-439.05,0.2,8,218.8,-53.36,0.8,2,7,-23.78,-444.48,0.2,8,165.72,-58.8,0.8,2,7,-55.2,-456.6,0.223,8,134.31,-70.91,0.777,2,7,-83.26,-491.1,0.3,8,106.25,-105.42,0.7,2,7,-142.7,-494.08,0.10286,8,46.81,-108.4,0.89714,2,7,-156.96,-485.95,0.22571,8,32.54,-100.26,0.77429,2,7,-191.69,-487.98,0.16,8,-2.18,-102.29,0.84,2,7,-230.36,-432.47,0.23126,8,-47.39,-48.92,0.76874,2,7,-238.96,-383.35,0.26465,8,-49.46,2.34,0.73535,2,7,-223.87,-354.1,0.28535,8,-34.36,31.59,0.71465,2,7,-174.12,-318.76,0.3,8,15.39,66.92,0.7,3,7,-147.81,-299.94,0.56021,8,35.16,83.61,0.4163,6,46.19,-169.16,0.0235,3,7,-127.54,-271.87,0.67499,8,55.43,111.68,0.18137,6,66.46,-141.09,0.14364,2,7,-107.31,-237.29,0.64876,6,86.69,-106.51,0.35124,2,7,-98.35,-197.3,0.63276,6,95.65,-66.51,0.36724,2,7,-87.28,-156.12,0.652,6,106.72,-25.34,0.348,2,7,-88.03,-119.43,0.64867,6,105.97,11.36,0.35133,2,7,-88.27,-69.36,0.64698,6,105.73,61.43,0.35302,2,7,-87.84,-43.73,0.70005,6,106.16,87.06,0.29995,2,7,-93.86,-14.57,0.80424,6,100.14,116.21,0.19576,2,7,-112.65,3.99,0.90208,6,81.35,134.78,0.09792,2,7,-126.26,21.59,0.9867,6,67.74,152.37,0.0133,1,7,-165.22,71.93,1,1,7,-181.85,93.43,1,1,7,-185.48,152.14,1,1,7,-158.51,97.78,1,1,7,-120.12,133.65,1,1,7,-65.55,137.08,1,1,7,-33.97,101.25,1,1,7,-3.96,55.64,1,1,7,5.75,0,1,1,7,4.79,-49.93,1,1,7,4.25,-122.02,1,1,7,-13.02,-192.17,1,2,7,-45.05,-272.02,0.9316,8,144.46,113.67,0.0684,2,7,-68.92,-321.02,0.87894,8,120.59,64.67,0.12106,1,7,-85.99,-367.6,1,2,7,-121.02,-415.09,0.95464,8,68.49,-29.4,0.04536,2,7,-149.84,-434.55,0.63343,8,39.67,-48.86,0.36657,2,7,-186.02,-431.51,0.51617,8,3.49,-45.83,0.48383,2,7,-204.08,-409.8,0.61771,8,-14.57,-24.11,0.38229,2,7,-201.9,-360.94,0.5554,8,-12.4,24.74,0.4446,1,7,-146.99,134.56,1,1,7,-111.4,157.13,1,1,7,-77.85,165.04,1,1,7,-37.07,153.23,1,1,7,9.14,116.05,1,1,7,40.35,60.11,1,1,7,66.28,-14.81,1,1,7,68.4,-126.25,1,1,7,57.94,-207.84,1,1,7,35.14,-278.27,1,1,7,4.73,-335.23,1,2,7,-38.22,-404.86,0.64478,8,151.28,-19.18,0.35522,2,7,-89.78,-454.56,0.24309,8,99.73,-68.88,0.75691,2,7,-140.5,-465.42,0.27793,8,49,-79.73,0.72207,2,7,-70.5,25.27,0.97849,6,123.5,156.06,0.02151,2,7,-65.25,-6.4,0.89851,6,128.76,124.38,0.10149,2,7,-61.14,-36.04,0.84633,6,132.86,94.75,0.15367,2,7,-61.14,-67.45,0.799,6,132.86,63.33,0.201,2,7,-61.73,-107.79,0.80876,6,132.27,22.99,0.19124,2,7,-62.17,-140.8,0.82701,6,131.83,-10.02,0.17299,2,7,-67.89,-173.02,0.81615,6,126.11,-42.24,0.18385,3,7,-71.98,-206.21,0.80347,8,110.99,177.34,0.00791,6,122.02,-75.43,0.18862,3,7,-82.48,-237.1,0.79086,8,100.5,146.45,0.01418,6,111.52,-106.32,0.19496,3,7,-96.83,-274.47,0.87862,8,86.14,109.08,0.04101,6,97.17,-143.69,0.08037,3,7,-112.05,-294.61,0.76202,8,70.92,88.94,0.19565,6,81.95,-163.82,0.04233,3,7,-126.39,-311.56,0.65764,8,56.59,71.99,0.33728,6,67.61,-180.77,0.00508,2,7,-145.06,-325.58,0.57958,8,37.92,57.97,0.42042,2,7,-161.61,-340.02,0.54119,8,21.36,43.53,0.45881,1,7,-143.58,83.61,1,1,7,-118.09,34.62,1,2,7,-94.19,17.5,0.94952,6,99.81,148.28,0.05048,1,7,-133.49,60.03,1,1,7,-165.15,138.02,1,1,7,-161.44,116.22,1,2,7,-172.73,-358.34,0.55406,8,10.24,25.21,0.44594,2,7,-178.45,-380.09,0.58052,8,4.52,3.46,0.41948,2,7,-206.67,-422.86,0.37951,8,-23.7,-39.31,0.62049,2,7,-194.13,-443.18,0.28003,8,-11.16,-59.63,0.71997],"hull":38,"edges":[0,2,2,4,4,6,6,8,8,10,10,12,12,14,14,16,16,18,18,20,20,22,22,24,24,26,26,28,28,30,30,32,32,34,34,36,36,38,42,44,44,46,62,64,64,66,72,74,0,74,58,60,60,62,56,58,52,54,54,56,50,52,46,48,48,50,70,72,66,68,68,70,38,40,40,42],"width":699,"height":416}},"Mushroom_Eye":{"Mushroom_Eye":{"type":"mesh","uvs":[0.04228,0.18726,0.11463,0.07636,0.20798,0.031,0.31066,0.07132,0.383,0.25783,0.40401,0.47963,0.49736,0.47963,0.53003,0.20743,0.60237,0.00579,0.71439,0,0.87075,0,0.94776,0.12173,1,0.34857,1,0.62077,0.96876,0.80728,0.87775,0.91314,0.79607,1,0.64205,1,0.49502,0.83249,0.49036,0.59053,0.40167,0.58549,0.369,0.73167,0.31533,0.88793,0.1333,0.92322,0.02361,0.86273,0,0.6863,0,0.38889,0.21031,0.21751,0.09596,0.30824,0.08196,0.55524,0.19397,0.69638,0.30132,0.56532,0.26632,0.34857,0.70039,0.22759,0.61171,0.33345,0.62804,0.67622,0.74706,0.71655,0.88475,0.55524,0.83808,0.27296],"triangles":[27,2,3,1,2,27,33,8,9,34,7,8,38,9,10,38,10,11,33,9,38,28,0,1,28,1,27,33,34,8,38,11,12,32,27,3,32,3,4,26,0,28,32,4,5,6,7,34,37,38,12,29,26,28,31,32,5,20,31,5,19,5,6,20,5,19,37,12,13,36,35,34,6,34,35,19,6,35,25,26,29,28,32,29,32,28,27,30,32,31,30,29,32,36,33,38,36,38,37,36,34,33,21,31,20,14,37,13,18,19,35,24,25,29,23,24,29,22,31,21,30,31,22,15,36,37,15,37,14,30,23,29,23,30,22,17,35,36,18,35,17,16,36,15,17,36,16],"vertices":[-100.42,593.34,-84.79,604.43,-64.63,608.97,-42.45,604.93,-26.82,586.28,-22.28,564.1,-2.12,564.1,4.94,591.32,20.56,611.49,44.76,612.07,78.53,612.07,95.17,599.89,106.45,577.21,106.45,549.99,99.7,531.34,80.05,520.75,62.4,512.07,29.13,512.07,-2.62,528.82,-3.63,553.01,-22.79,553.52,-29.84,538.9,-41.44,523.27,-80.76,519.74,-104.45,525.79,-109.55,543.44,-109.55,573.18,-64.12,590.32,-88.82,581.24,-91.85,556.54,-67.65,542.43,-44.46,555.53,-52.02,577.21,41.74,589.31,22.58,578.72,26.11,544.44,51.82,540.41,81.56,556.54,71.48,584.77],"hull":27,"edges":[0,2,2,4,4,6,6,8,8,10,10,12,12,14,14,16,16,18,18,20,20,22,22,24,24,26,26,28,28,30,30,32,32,34,34,36,36,38,38,40,40,42,42,44,44,46,46,48,48,50,50,52,0,52],"width":216,"height":100}},"Mushroom_glove_L":{"Mushroom_glove_L":{"type":"mesh","uvs":[0.0851,0.05284,0.23261,0,0.32744,0.06513,0.5206,0,0.72431,0.00367,0.8086,0.1184,0.95962,0.19215,0.99999,0.52815,0.92098,0.89282,0.75592,1,0.32744,0.9959,0.05349,0.90921,0,0.65107,0,0.33147,0.12279,0.63608,0.36161,0.77539,0.77253,0.77129,0.1544,0.33286,0.47049,0.4394,0.85331,0.4353,0.26679,0.18126,0.57585,0.15258,0.81468,0.21814],"triangles":[20,1,2,0,1,20,17,13,0,20,17,0,2,21,20,21,2,3,17,20,18,14,13,17,14,17,18,12,13,14,11,12,14,11,14,15,10,11,15,15,14,18,21,3,4,18,20,21,21,4,5,15,18,16,22,5,6,21,5,22,19,22,6,19,6,7,18,22,19,16,19,7,16,18,19,8,16,7,9,15,16,9,16,8,10,15,9,22,18,21],"vertices":[1,10,-7.9,41.74,1,2,21,-50.61,72.39,0.0048,10,9.61,52.46,0.9952,2,21,-38,64.97,0.04043,10,23.67,48.4,0.95957,2,21,-12.31,72.39,0.2268,10,46.71,61.98,0.7732,2,21,14.78,71.97,0.7538,10,73.05,68.32,0.2462,2,21,25.99,58.89,0.73136,10,87.16,58.43,0.26864,2,21,46.08,50.49,0.92205,10,108.71,55.29,0.07795,2,21,51.45,12.18,0.97191,10,123.43,19.52,0.02809,1,21,40.94,-29.39,1,2,21,18.99,-41.61,0.99147,10,105.37,-40.65,0.00853,2,21,-38,-41.14,0.78647,10,50.06,-54.37,0.21353,2,21,-74.44,-31.26,0.05467,10,12.31,-53.86,0.94533,2,21,-81.55,-1.83,0.00432,10,-1.9,-27.13,0.99568,1,10,-10.96,8.16,1,2,21,-65.22,-0.12,0.10415,10,13.49,-21.41,0.89585,2,21,-33.46,-16,0.90055,10,48.21,-28.89,0.09945,1,21,21.2,-15.54,1,2,21,-61.02,34.45,0.13143,10,8.97,13.12,0.86857,2,21,-18.98,22.3,0.92474,10,52.71,11.81,0.07526,2,21,31.94,22.77,0.94198,10,101.91,24.92,0.05802,2,21,-46.07,51.73,0.08739,10,19.15,33.57,0.91261,2,21,-4.96,55,0.90917,10,58.15,46.96,0.09083,2,21,26.8,47.52,0.87481,10,90.77,47.62,0.12519],"hull":14,"edges":[0,2,2,4,4,6,6,8,8,10,10,12,12,14,14,16,16,18,18,20,20,22,22,24,24,26,0,26],"width":133,"height":114}},"Mushroom_glove_R":{"Mushroom_glove_R":{"type":"mesh","uvs":[0,0.54742,0.05724,0.89674,0.38492,1,0.71259,1,0.74397,0.9008,0.82066,0.95767,0.91225,0.86065,1,0.7677,1,0.62957,1,0.39173,1,0.18185,0.92423,0.10027,0.83111,0,0.71956,0.09656,0.45812,0,0.26988,0.01532,0.19319,0.10874,0.0189,0.18592,0.11107,0.25387,0.3066,0.20727,0.52879,0.18138,0.64877,0.2228,0.76839,0.2228,0.84598,0.2228,0.90382,0.49724,0.91294,0.61634,0.88338,0.77686,0.18661,0.78204,0.36881,0.83899,0.56878,0.83899,0.67965,0.78721,0.22216,0.47653,0.55545,0.5076],"triangles":[5,4,6,4,26,6,6,26,7,26,25,7,25,30,24,24,22,23,25,8,7,8,24,9,8,25,24,24,23,9,23,10,9,13,12,23,23,11,10,23,12,11,22,13,23,25,26,30,4,30,26,21,13,22,21,20,13,2,29,3,3,29,4,4,29,30,1,27,2,27,28,2,2,28,29,1,0,27,30,29,32,27,31,28,29,28,32,28,31,32,27,0,31,0,18,31,0,17,18,31,19,32,19,20,32,32,20,21,31,18,19,18,16,19,18,17,16,16,15,19,19,14,20,19,15,14,20,14,13,24,30,32,22,32,21,22,24,32],"vertices":[1,20,-65.88,8.34,1,1,20,-58.21,-31.83,1,1,20,-14.3,-43.7,1,2,20,29.61,-43.7,0.61547,12,161.74,42.52,0.38453,2,20,33.81,-32.3,0.68045,12,153.77,33.34,0.31955,2,20,44.09,-38.83,0.25125,12,146.47,43.09,0.74875,2,20,58.19,-27.68,0.2595,12,129.34,37.64,0.7405,2,20,71.69,-16.99,0.04496,12,112.92,32.42,0.95504,1,12,103.97,18.83,1,1,12,88.55,-4.58,1,1,12,74.95,-25.24,1,1,12,88.96,-40.57,1,1,12,106.19,-59.42,1,2,20,30.54,60.19,0.49895,12,124.1,-54.32,0.50105,2,20,-4.49,71.3,0.99356,12,152.93,-77.11,0.00644,1,20,-29.71,69.54,1,1,20,-39.99,58.79,1,1,20,-63.35,49.92,1,1,20,-50.99,42.1,1,1,20,-24.79,47.46,1,1,20,4.98,50.44,1,2,20,21.06,45.67,0.90569,12,138.11,-44.1,0.09431,2,20,43.09,45.67,0.7405,12,117.5,-36.31,0.2595,2,20,57.38,45.67,0.10073,12,104.13,-31.25,0.89927,2,20,60.95,14.11,0.16964,12,111.96,-0.47,0.83036,2,20,60.95,0.42,0.18713,12,116.81,12.34,0.81287,2,20,55,-18.04,0.2595,12,128.91,27.5,0.7405,1,20,-40.87,-18.64,1,1,20,-16.46,-25.19,1,1,20,10.34,-25.19,1,2,20,26.42,-19.23,0.94962,12,156.06,18.5,0.05038,1,20,-36.11,16.5,1,1,20,8.55,12.92,1],"hull":18,"edges":[0,2,2,4,4,6,6,8,8,10,24,26,26,28,28,30,30,32,32,34,0,34,10,12,12,14,14,16,16,18,18,20,20,22,22,24],"width":134,"height":115}},"Mushroom_Pupil":{"Mushroom_Pupil":{"x":2.37,"y":-8.31,"rotation":-87.13,"width":162,"height":35}},"Mushroom_shadow_arms":{"Mushroom_shadow_arms":{"type":"mesh","uvs":[0.21436,0.17729,0.15934,0.21711,0.04494,0.43014,0,0.58743,0,0.81638,0.06241,0.91991,0.17681,0.92788,0.26065,1,0.3602,1,0.40474,0.7686,0.4912,0.80842,0.51478,0.93982,0.57378,1,0.6122,0.97168,0.65849,1,0.73709,0.92987,0.86197,0.95774,1,0.84824,1,0.66109,0.85324,0.78851,0.78425,0.58145,0.84276,0.50381,0.93096,0.50182,0.91175,0.32661,0.93096,0,0.85673,0.01005,0.79123,0.20516,0.83228,0.46797,0.77551,0.53964,0.7301,0.58942,0.51876,0.61928,0.48292,0.74272,0.41305,0.71087,0.39908,0.53168,0.30127,0.40625,0.20171,0.43412,0.27856,0.25494,0.03497,0.55159,0.06816,0.5058,0.16073,0.46001,0.19654,0.53168,0.30046,0.54363,0.35984,0.62725,0.05855,0.73078,0.14501,0.8124,0.27863,0.89403,0.56603,0.7706,0.65336,0.71883,0.74418,0.71883,0.57214,0.88209,0.67519,0.88607,0.77388,0.88806,0.8647,0.39431,0.84461,0.23304,0.89439,0.10363,0.87605,0.33458,0.88129,0.23901],"triangles":[51,15,48,14,50,15,14,13,50,47,30,29,46,30,47,13,49,50,10,46,49,11,49,12,31,30,46,10,9,31,10,31,46,11,10,49,12,49,13,49,46,47,49,47,50,50,47,48,47,29,48,15,50,48,48,29,20,40,35,41,40,44,38,40,39,35,35,1,0,35,0,36,39,2,1,35,39,1,38,2,39,37,2,38,37,3,2,43,37,38,3,37,43,40,38,39,43,38,44,4,3,43,5,43,44,4,43,5,41,35,34,41,34,33,42,41,33,42,33,32,9,42,32,9,32,31,45,40,41,45,41,42,45,42,9,44,40,45,6,44,45,5,44,6,7,6,45,8,45,9,7,45,8,21,20,28,29,28,20,48,20,19,19,18,17,51,48,19,16,19,17,51,19,16,15,51,16,21,28,27,22,52,23,27,53,52,52,55,23,23,54,24,56,54,23,27,26,53,54,25,24,53,26,25,54,53,25,56,53,54,55,53,56,52,53,55,55,56,23,21,52,22,21,27,52],"vertices":[1,9,62.57,104.43,1,1,9,41.03,90.97,1,1,9,2.5,38.63,1,1,9,-9.1,4.31,1,2,10,-50.88,-38.49,0.00805,9,1.89,-38.49,0.99195,2,10,-19.31,-51.02,0.17438,9,33.45,-51.02,0.82562,2,10,29.83,-39.99,0.91373,9,82.59,-39.99,0.08627,1,10,69.02,-44.3,1,1,10,111.45,-33.4,1,1,10,119.32,14.73,1,1,20,-56.75,3.27,1,1,20,-46.38,-22.09,1,1,20,-20.42,-33.7,1,1,20,-3.51,-28.24,1,1,20,16.86,-33.7,1,1,20,51.44,-20.17,1,1,12,83.5,52.71,1,1,12,19.22,54.43,1,2,11,93.81,-5.73,0.44214,12,6.44,20.65,0.55786,1,12,75.54,20.8,1,2,12,89.79,-27.32,0.96985,20,72.19,47.08,0.03015,1,11,42.8,-61.46,1,1,11,54.93,-24.6,1,1,11,20.19,-21.72,1,1,11,-36.77,6.58,1,1,11,-45.45,-24.97,1,1,11,-19.07,-64.37,1,1,11,34.76,-63.6,1,2,12,90.52,-36.23,0.78775,20,68.35,55.15,0.21225,1,20,48.37,45.54,1,1,20,-44.62,39.78,1,1,20,-60.39,15.95,1,1,10,120.09,26.43,1,1,10,105.54,58.4,1,1,9,110.6,71.14,1,1,9,69.51,55.04,1,1,9,93.66,96.94,1,1,9,4.09,14.84,1,1,9,16.03,27.03,1,1,9,53.28,45.72,1,1,9,71.98,36.23,1,2,10,64.08,45.37,0.99261,9,116.85,45.37,0.00739,1,10,93.4,36.24,1,2,10,-30.03,-16.08,0.01279,9,22.73,-16.08,0.98721,2,10,10.73,-21.88,0.74597,9,63.5,-21.88,0.25403,1,10,71.59,-22.52,1,1,20,-23.82,10.57,1,1,20,14.6,20.56,1,1,20,54.56,20.56,1,1,20,-21.13,-10.95,1,1,20,24.21,-11.71,1,2,12,115,26.41,0.92751,20,67.63,-12.1,0.07249,1,11,25.9,-45.52,1,1,11,-6.42,-43.87,1,1,11,-23.01,-15.09,1,1,11,16.59,-37.08,1,1,11,-0.13,-28.96,1],"hull":37,"edges":[0,2,2,4,4,6,6,8,8,10,10,12,12,14,14,16,16,18,18,20,20,22,22,24,24,26,26,28,28,30,30,32,32,34,34,36,36,38,38,40,40,42,42,44,44,46,46,48,48,50,50,52,52,54,54,56,56,58,58,60,60,62,62,64,64,66,66,68,68,70,70,72,0,72],"width":440,"height":193}},"Mushroom_Stool":{"Mushroom_Stool":{"x":-4.55,"y":42.57,"width":486,"height":329}},"Mushroom_table":{"Mushroom_table":{"type":"mesh","uvs":[1,1,0.23232,1,0.23766,1.0E-5,1,0],"triangles":[2,3,0,1,2,0],"vertices":[407.45,-547.93,-786.29,-547.93,-777.99,433.06,407.45,433.07],"hull":4,"edges":[0,2,2,4,4,6,0,6],"width":1555,"height":981}},"Mushroom_table_shadow":{"Mushroom_table_shadow":{"type":"mesh","uvs":[0.57147,0.12819,0.93617,0.13494,0.93543,0.20749,0.76676,0.4555,0.79931,0.68158,0.53507,1,0.05496,1,0.08529,0.43753,0.2976,0.26713,0.38638,0.27556,0.21444,0.5995,0.56435,0.66868,0.50961,0.31943,0.72488,0.25701],"triangles":[1,13,0,2,13,1,12,9,0,3,13,2,13,11,12,13,12,0,11,13,3,11,3,4,10,7,8,6,7,10,11,10,9,10,8,9,11,5,10,6,10,5,5,11,4,11,9,12],"vertices":[1,18,-118.32,30.11,1,1,18,213.56,27.42,1,1,18,212.89,-1.53,1,2,17,486.79,154.26,0.17104,18,59.4,-100.48,0.82896,2,17,516.41,64.06,0.66873,18,89.02,-190.69,0.33127,1,17,275.95,-62.99,1,1,17,-160.95,-62.99,1,2,17,-133.35,161.43,0.99496,18,-560.74,-93.31,0.00504,2,17,59.85,229.43,0.80902,18,-367.53,-25.32,0.19098,2,17,140.64,226.06,0.81794,18,-286.75,-28.69,0.18206,1,17,-15.82,96.81,1,1,17,302.59,69.21,1,2,17,252.78,208.56,0.3613,18,-174.61,-46.19,0.6387,1,18,21.29,-21.28,1],"hull":10,"edges":[0,2,2,4,4,6,6,8,8,10,10,12,12,14,14,16,16,18,0,18],"width":910,"height":399}},"Squaretable_Stool":{"Squaretable_Stool":{"x":150.45,"y":-196.93,"width":434,"height":462}}}}],"animations":{"Idle":{"bones":{"Mushroom_body2":{"rotate":[{},{"time":4},{"time":9.6}]},"Mushroom_body3":{"rotate":[{},{"time":4,"value":1.14},{"time":9.6}]},"Mushroom_body4":{"rotate":[{},{"time":4,"value":1.02},{"time":9.6}]},"Mushroom_body5":{"rotate":[{},{"time":4,"value":0.84},{"time":9.6}]},"Mushroom_Cap_F":{"translate":[{},{"time":4,"x":-9.05,"y":3.54},{"time":9.6}]},"Mushroom_Cap_B":{"translate":[{},{"time":4,"x":14.73,"y":7.77},{"time":9.6}]},"Mushroom_Pupil":{"translate":[{"x":-3.87,"y":-8.55},{"time":8.6667,"x":-3.11,"y":9.21},{"time":9.5,"x":-3.87,"y":-8.55,"curve":"stepped"},{"time":9.6,"x":-3.87,"y":-8.55}]},"root_Mushroom2":{"translate":[{},{"time":4,"x":31.69,"y":40.83},{"time":9.6}]},"Mushroom__Shadow":{"translate":[{},{"time":4,"x":-20.17,"y":33.38},{"time":9.6}]}}},"Talking":{"bones":{"Mushroom_Pupil":{"rotate":[{"time":4.1667},{"time":4.4,"value":2.28},{"time":4.6333},{"time":4.8667,"value":2.28},{"time":5.1},{"time":5.3333,"value":2.28},{"time":5.5333,"value":0.83}],"translate":[{"x":12.56,"y":-4.85,"curve":"stepped"},{"time":9.6,"x":12.56,"y":-4.85}],"scale":[{"curve":"stepped"},{"time":1.7667},{"time":1.9,"x":0},{"time":2.0667,"curve":"stepped"},{"time":7.7667},{"time":7.9,"x":0},{"time":8.0667,"curve":"stepped"},{"time":9.6}]},"Mushroom_body4":{"rotate":[{},{"time":4.1667,"value":-0.72},{"time":4.4,"value":1.03},{"time":4.6333,"value":-0.72},{"time":4.8667,"value":1.03},{"time":5.1,"value":-0.72},{"time":5.3333,"value":1.03},{"time":5.5667,"value":-0.72},{"time":9.6}]},"Mushroom_body5":{"rotate":[{},{"time":4.1667,"value":-1.11},{"time":4.4,"value":1.81},{"time":4.6333,"value":-1.11},{"time":4.8667,"value":1.81},{"time":5.1,"value":-1.11},{"time":5.3333,"value":1.81},{"time":5.5667,"value":-1.11},{"time":9.6}]},"Mushroom_Cap_B":{"translate":[{},{"time":4.1667,"x":-33.16,"y":-18},{"time":4.4,"x":-14.92,"y":2.83},{"time":4.6333,"x":-33.16,"y":-18},{"time":4.8667,"x":-14.92,"y":2.83},{"time":5.1,"x":-33.16,"y":-18},{"time":5.3333,"x":-14.92,"y":2.83},{"time":5.5667,"x":-33.16,"y":-18},{"time":9.6}]},"Mushroom_body3":{"rotate":[{},{"time":4.8,"value":-1.39},{"time":9.6}]},"Mushroom_Arm_R":{"translate":[{},{"time":4.8,"x":-6.3,"y":-0.6},{"time":9.6}]},"root_Mushroom3":{"translate":[{},{"time":4.8,"x":1.51,"y":-7.16},{"time":9.6}]},"Mushroom_Arm_R2":{"rotate":[{},{"time":4.8,"value":-1.68},{"time":9.6}]},"Mushroom_Book":{"translate":[{},{"time":4.8,"x":0.43,"y":-0.21},{"time":9.6}]},"Mushroom_Book3":{"translate":[{},{"time":4.8,"x":3.43,"y":1.06},{"time":9.6}]},"Mushroom_Book2":{"translate":[{},{"time":4.8,"x":3.84,"y":-3.1},{"time":9.6}]},"Mushroom_Arm_front_L":{"rotate":[{},{"time":4.8,"value":2.12},{"time":9.6}]},"Mushroom_Cap_F":{"translate":[{"time":4.1667},{"time":4.4,"x":3.72,"y":4.31},{"time":4.6333},{"time":4.8667,"x":3.72,"y":4.31},{"time":5.1},{"time":5.3333,"x":3.72,"y":4.31},{"time":5.5667}]}}}}}